Workbook

Sheet Raw_Data
A1: Candidate_ID | B1: Department | C1: Job_Role | D1: Source | E1: Application_Date | F1: Screening_Status | G1: Interview_Status | H1: Selection_Status | I1: Joining_Status | J1: Experience_Years | K1: Time_to_Hire_Days | L1: Hiring_Cost | M1: Salary_Offered
A2: C001 | B2: HR | C2: HR Executive | D2: LinkedIn | E2: 46027 | F2: Shortlisted | G2: Selected | H2: Selected | I2: Joined | J2: 2 | K2: 24 | L2: 18500 | M2: 42000
A3: C002 | B3: IT | C3: Software Developer | D3: Naukri | E3: 46029 | F3: Shortlisted | G3: Selected | H3: Selected | I3: Joined | J3: 3 | K3: 31 | L3: 24000 | M3: 68000
A4: C003 | B4: Finance | C4: Financial Analyst | D4: Employee Referral | E4: 46032 | F4: Shortlisted | G4: Selected | H4: Selected | I4: Joined | J4: 4 | K4: 21 | L4: 16000 | M4: 62000
A5: C004 | B5: Sales | C5: Sales Executive | D5: Indeed | E5: 46034 | F5: Shortlisted | G5: Rejected | H5: Not Selected | I5: Not Applicable | J5: 1 | K5: 0 | L5: 4500 | M5: 38000
A6: C005 | B6: Marketing | C6: Marketing Executive | D6: Campus Recruitment | E6: 46037 | F6: Shortlisted | G6: Selected | H6: Not Selected | I6: Not Applicable | J6: 0 | K6: 0 | L6: 6000 | M6: 35000
A7: C006 | B7: Operations | C7: Operations Executive | D7: LinkedIn | E7: 46040 | F7: Rejected | G7: Not Conducted | H7: Not Selected | I7: Not Applicable | J7: 2 | K7: 0 | L7: 2500 | M7: 40000
A8: C007 | B8: IT | C8: Software Developer | D8: Employee Referral | E8: 46043 | F8: Shortlisted | G8: Selected | H8: Selected | I8: Joined | J8: 5 | K8: 28 | L8: 22000 | M8: 75000
A9: C008 | B9: HR | C9: HR Executive | D9: Naukri | E9: 46046 | F9: Shortlisted | G9: Rejected | H9: Not Selected | I9: Not Applicable | J9: 1 | K9: 0 | L9: 5200 | M9: 39000
A10: C009 | B10: Sales | C10: Sales Executive | D10: LinkedIn | E10: 46050 | F10: Shortlisted | G10: Selected | H10: Selected | I10: Joined | J10: 3 | K10: 35 | L10: 19500 | M10: 48000
A11: C010 | B11: Finance | C11: Financial Analyst | D11: Indeed | E11: 46054 | F11: Rejected | G11: Not Conducted | H11: Not Selected | I11: Not Applicable | J11: 2 | K11: 0 | L11: 3000 | M11: 45000
A12: C011 | B12: Marketing | C12: Marketing Executive | D12: LinkedIn | E12: 46057 | F12: Shortlisted | G12: Selected | H12: Selected | I12: Joined | J12: 3 | K12: 27 | L12: 17000 | M12: 52000
A13: C012 | B13: Operations | C13: Operations Executive | D13: Naukri | E13: 46061 | F13: Shortlisted | G13: Selected | H13: Not Selected | I13: Not Applicable | J13: 2 | K13: 0 | L13: 7000 | M13: 43000
... A61: C060 | B61: Operations | C61: Operations Executive | D61: Naukri | E61: 46223 | F61: Shortlisted | G61: Selected | H61: Selected | I61: Joined | J61: 3 | K61: 27 | L61: 18000 | M61: 48000

Sheet Analysis
A1: RECRUITMENT& HIRING ANALYTICS
A2: Recruitment Funnel | Source Effectiveness | Hiring Efficiency
A4: KEY RECRUITMENT METRICS | D4: SOURCE ANALYSIS | I4: DEPARTMENT ANALYSIS
A5: Total Candidates | B5: =COUNTA(Raw_Data!A2:A61) -> 60 | D5: Source | E5: Candidates | F5: Selected | G5: Joined | I5: Department | J5: Candidates | K5: Selected | L5: Joined
A6: Shortlisted Candidates | B6: =COUNTIF(Raw_Data!F2:F61,"Shortlisted") -> 49 | D6: LinkedIn | E6: =COUNTIF(Raw_Data!D$2:D$61,D6) -> 17 | F6: =COUNTIFS(Raw_Data!D$2:D$61,D6,Raw_Data!H$2:H$61,"Selected") -> 9 | G6: =COUNTIFS(Raw_Data!D$2:D$61,D6,Raw_Data!I$2:I$61,"Joined") -> 9 | I6: HR | J6: =COUNTIF(Raw_Data!B$2:B$61,I6) -> 10 | K6: =COUNTIFS(Raw_Data!B$2:B$61,I6,Raw_Data!H$2:H$61,"Selected") -> 8 | L6: =COUNTIFS(Raw_Data!B$2:B$61,I6,Raw_Data!I$2:I$61,"Joined") -> 8
A7: Interviewed Candidates | B7: =COUNTIF(Raw_Data!G2:G61,"<>Not Conducted") -> 49 | D7: Naukri | E7: =COUNTIF(Raw_Data!D$2:D$61,D7) -> 15 | F7: =COUNTIFS(Raw_Data!D$2:D$61,D7,Raw_Data!H$2:H$61,"Selected") -> 10 | G7: =COUNTIFS(Raw_Data!D$2:D$61,D7,Raw_Data!I$2:I$61,"Joined") -> 9 | I7: IT | J7: =COUNTIF(Raw_Data!B$2:B$61,I7) -> 10 | K7: =COUNTIFS(Raw_Data!B$2:B$61,I7,Raw_Data!H$2:H$61,"Selected") -> 5 | L7: =COUNTIFS(Raw_Data!B$2:B$61,I7,Raw_Data!I$2:I$61,"Joined") -> 5
A8: Selected Candidates | B8: =COUNTIF(Raw_Data!H2:H61,"Selected") -> 35 | D8: Employee Referral | E8: =COUNTIF(Raw_Data!D$2:D$61,D8) -> 14 | F8: =COUNTIFS(Raw_Data!D$2:D$61,D8,Raw_Data!H$2:H$61,"Selected") -> 12 | G8: =COUNTIFS(Raw_Data!D$2:D$61,D8,Raw_Data!I$2:I$61,"Joined") -> 10 | I8: Finance | J8: =COUNTIF(Raw_Data!B$2:B$61,I8) -> 10 | K8: =COUNTIFS(Raw_Data!B$2:B$61,I8,Raw_Data!H$2:H$61,"Selected") -> 6 | L8: =COUNTIFS(Raw_Data!B$2:B$61,I8,Raw_Data!I$2:I$61,"Joined") -> 5
A9: Joined Candidates | B9: =COUNTIF(Raw_Data!I2:I61,"Joined") -> 32 | D9: Indeed | E9: =COUNTIF(Raw_Data!D$2:D$61,D9) -> 8 | F9: =COUNTIFS(Raw_Data!D$2:D$61,D9,Raw_Data!H$2:H$61,"Selected") -> 0 | G9: =COUNTIFS(Raw_Data!D$2:D$61,D9,Raw_Data!I$2:I$61,"Joined") -> 0 | I9: Sales | J9: =COUNTIF(Raw_Data!B$2:B$61,I9) -> 10 | K9: =COUNTIFS(Raw_Data!B$2:B$61,I9,Raw_Data!H$2:H$61,"Selected") -> 6 | L9: =COUNTIFS(Raw_Data!B$2:B$61,I9,Raw_Data!I$2:I$61,"Joined") -> 6
A10: Average Time to Hire | B10: =AVERAGEIF(Raw_Data!K2:K61,">0",Raw_Data!K2:K61) -> 26.060606 | D10: Campus Recruitment | E10: =COUNTIF(Raw_Data!D$2:D$61,D10) -> 6 | F10: =COUNTIFS(Raw_Data!D$2:D$61,D10,Raw_Data!H$2:H$61,"Selected") -> 4 | G10: =COUNTIFS(Raw_Data!D$2:D$61,D10,Raw_Data!I$2:I$61,"Joined") -> 4 | I10: Marketing | J10: =COUNTIF(Raw_Data!B$2:B$61,I10) -> 10 | K10: =COUNTIFS(Raw_Data!B$2:B$61,I10,Raw_Data!H$2:H$61,"Selected") -> 6 | L10: =COUNTIFS(Raw_Data!B$2:B$61,I10,Raw_Data!I$2:I$61,"Joined") -> 4
A11: Total Hiring Cost | B11: =SUM(Raw_Data!L2:L61) -> 764100 | I11: Operations | J11: =COUNTIF(Raw_Data!B$2:B$61,I11) -> 10 | K11: =COUNTIFS(Raw_Data!B$2:B$61,I11,Raw_Data!H$2:H$61,"Selected") -> 4 | L11: =COUNTIFS(Raw_Data!B$2:B$61,I11,Raw_Data!I$2:I$61,"Joined") -> 4
A12: Average Salary Offered | B12: =AVERAGE(Raw_Data!M2:M61) -> 52433.333
A14: Screening Conversion Rate | B14: =B6/B5 -> 0.81666667 | D14: RECRUITMENT SOURCE | I14: DEPARTMENT HIRING
A15: Interview-to-Selection Rate | B15: =B8/B7 -> 0.71428571 | D15: Source | E15: Candidates | I15: Department | J15: Joined
A16: Selection-to-Joining Rate | B16: =B9/B8 -> 0.91428571 | D16: LinkedIn | E16: =E6 -> 17 | I16: HR | J16: =L6 -> 8
D17: Naukri | E17: =E7 -> 15 | I17: IT | J17: =L7 -> 5
D18: Employee Referral | E18: =E8 -> 14 | I18: Finance | J18: =L8 -> 5
A19: RECRUITMENT FUNNEL | D19: Indeed | E19: =E9 -> 8 | I19: Sales | J19: =L9 -> 6
A20: Stage | B20: Candidates | D20: Campus Recruitment | E20: =E10 -> 6 | I20: Marketing | J20: =L10 -> 4
A21: Applications | B21: =B5 -> 60 | I21: Operations | J21: =L11 -> 4
A22: Shortlisted | B22: =B6 -> 49
A23: Interviewed | B23: =B7 -> 49
A24: Selected | B24: =B8 -> 35
A25: Joined | B25: =B9 -> 32

Sheet +
